<?xml version="1.0" encoding="UTF-8"?>
<beans xmlns="http://www.springframework.org/schema/beans"
    xmlns:xsi="http://www.w3.org/2001/XMLSchema-instance"
	xmlns:context="http://www.springframework.org/schema/context"
	xmlns:hdp="http://www.springframework.org/schema/hadoop"
	xmlns:p="http://www.springframework.org/schema/p"
	xsi:schemaLocation="http://www.springframework.org/schema/beans http://www.springframework.org/schema/beans/spring-beans.xsd
	http://www.springframework.org/schema/context http://www.springframework.org/schema/context/spring-context.xsd
	http://www.springframework.org/schema/hadoop http://www.springframework.org/schema/hadoop/spring-hadoop.xsd">

	<context:property-placeholder location="hbase.properties"/>

	<context:component-scan base-package="com.oreilly.springdata.hadoop.hbase"/>
	
	<hdp:configuration id="hadoopConfiguration">
	  fs.default.name=hdfs://localhost:9000
	</hdp:configuration>
	
	<hdp:hbase-configuration configuration-ref="hadoopConfiguration" zk-quorum="${hbase.host}" zk-port="${hbase.port}"/>
	
	<bean id="hbaseTemplate" class="org.springframework.data.hadoop.hbase.HbaseTemplate">
		<property name="configuration" ref="hbaseConfiguration"/>
	</bean>

</beans>
