<?xml version="1.0" encoding="UTF-8"?>
<beans:beans xmlns="http://www.springframework.org/schema/hadoop"
    xmlns:xsi="http://www.w3.org/2001/XMLSchema-instance"
	xmlns:beans="http://www.springframework.org/schema/beans"    
	xmlns:context="http://www.springframework.org/schema/context"
	xsi:schemaLocation="http://www.springframework.org/schema/beans http://www.springframework.org/schema/beans/spring-beans.xsd
	  http://www.springframework.org/schema/context http://www.springframework.org/schema/context/spring-context.xsd
	  http://www.springframework.org/schema/hadoop http://www.springframework.org/schema/hadoop/spring-hadoop.xsd">


	<context:property-placeholder location="hadoop.properties"/>

	<configuration>
		fs.default.name=${hd.fs}
		mapred.job.tracker=${mapred.job.tracker}
	</configuration>

	<pig-factory id="pigFactory" properties-location="pig-server.properties"/>

	<pig-template pig-factory-ref="pigFactory"/>
	
	<beans:bean id="passwordRepository" 
	      class="com.oreilly.springdata.hadoop.pig.PigPasswordRepository">
		<beans:constructor-arg ref="pigTemplate"/>
	</beans:bean>
		
	<beans:bean id="fsShell" class="org.springframework.data.hadoop.fs.FsShell">
		<beans:constructor-arg ref="hadoopConfiguration"/>
	</beans:bean>	
</beans:beans>
